prior,mean,sd
Neutral,-0.35732224255352546,0.23733095243804156
Optimistic,-0.6905919388098142,0.31279356269495845
Pessimistic,-0.6055655478571695,0.321989297724947
